"control_number","species_code","genus","species","subspecies","specific_name","generic_name","description","quantity","unit","country_origin","country_imp_exp","purpose","source","action","disposition","disposition_date","shipment_date","import_export","port","sYear","lemisName","corrected","links","rank","group_","correctedGenus","orderCorrected","entryID","country_origin_name","country_imp_exp_name"
0,"LASM","LAMPROLEPIS","SMARAGDINA",NA,"EMERALD","SKINK","SPE","22","NO","Ctry_PG","Ctry_PG","S","W","C","C","2015-07-13T00:00:00Z","2015-07-06T00:00:00Z","I","SF",2015,"Lamprolepis smaragdina","Lamprolepis smaragdina","GBIF","Species","Reptiles","Lamprolepis","Squamata","eID0011592","Papua New Guinea","Papua New Guinea"
0,"LASM","LAMPROLEPIS","SMARAGDINA",NA,"EMERALD","SKINK","LIV","86","NO","Ctry_SB","Ctry_SB","T","W","C","C","2015-07-16T00:00:00Z","2015-07-16T00:00:00Z","I","AT",2015,"Lamprolepis smaragdina","Lamprolepis smaragdina","GBIF","Species","Reptiles","Lamprolepis","Squamata","eID0016209","Solomon Islands","Solomon Islands"
0,"LML?","LAMPROLEPIS","SPECIES",NA,NA,"SKINK","SPE","3","NO","Ctry_TL","Ctry_TL","S","W","C","C","2015-07-22T00:00:00Z","2015-07-20T00:00:00Z","I","AT",2015,"Lamprolepis species","Lamprolepis","Catalogue of Life Checklist","Genus","Reptiles","Lamprolepis","Squamata","eID0022789","Timor-Leste","Timor-Leste"
0,"LASM","LAMPROLEPIS","SMARAGDINA",NA,"EMERALD","SKINK","LIV","25","NO","Ctry_SB","Ctry_FR","T","W","C","C","2015-07-22T00:00:00Z","2015-07-22T00:00:00Z","E","MI",2015,"Lamprolepis smaragdina","Lamprolepis smaragdina","GBIF","Species","Reptiles","Lamprolepis","Squamata","eID0023739","Solomon Islands","France"
0,"LASM","LAMPROLEPIS","SMARAGDINA",NA,"EMERALD","SKINK","LIV","10","NO","Ctry_SB","Ctry_FR","T","W","C","C","2015-08-12T00:00:00Z","2015-08-12T00:00:00Z","E","MI",2015,"Lamprolepis smaragdina","Lamprolepis smaragdina","GBIF","Species","Reptiles","Lamprolepis","Squamata","eID0050382","Solomon Islands","France"
0,"LASM","LAMPROLEPIS","SMARAGDINA",NA,"EMERALD","SKINK","SPE","2","NO","Ctry_PW","Ctry_PW","S","W","C","C","2015-08-24T00:00:00Z","2015-08-17T00:00:00Z","I","SF",2015,"Lamprolepis smaragdina","Lamprolepis smaragdina","GBIF","Species","Reptiles","Lamprolepis","Squamata","eID0064467","Palau","Palau"
0,"LASM","LAMPROLEPIS","SMARAGDINA",NA,"EMERALD","SKINK","LIV","30","NO","Ctry_SB","Ctry_SB","T","W","C","C","2015-08-25T00:00:00Z","2015-08-25T00:00:00Z","I","LA",2015,"Lamprolepis smaragdina","Lamprolepis smaragdina","GBIF","Species","Reptiles","Lamprolepis","Squamata","eID0065282","Solomon Islands","Solomon Islands"
0,"LASM","LAMPROLEPIS","SMARAGDINA",NA,"EMERALD","SKINK","LIV","6","NO","Ctry_SB","Ctry_HU","T","W","C","C","2015-08-26T00:00:00Z","2015-08-26T00:00:00Z","E","MI",2015,"Lamprolepis smaragdina","Lamprolepis smaragdina","GBIF","Species","Reptiles","Lamprolepis","Squamata","eID0067847","Solomon Islands","Hungary"
0,"LASM","LAMPROLEPIS","SMARAGDINA",NA,"EMERALD","SKINK","LIV","2","NO","Ctry_SB","Ctry_FR","T","W","C","C","2015-09-03T00:00:00Z","2015-09-03T00:00:00Z","E","MI",2015,"Lamprolepis smaragdina","Lamprolepis smaragdina","GBIF","Species","Reptiles","Lamprolepis","Squamata","eID0078181","Solomon Islands","France"
0,"LASM","LAMPROLEPIS","SMARAGDINA",NA,"EMERALD","SKINK","LIV","22","NO","Ctry_SB","Ctry_SB","T","W","C","C","2015-09-08T00:00:00Z","2015-09-08T00:00:00Z","I","LA",2015,"Lamprolepis smaragdina","Lamprolepis smaragdina","GBIF","Species","Reptiles","Lamprolepis","Squamata","eID0080540","Solomon Islands","Solomon Islands"
0,"LASM","LAMPROLEPIS","SMARAGDINA",NA,"EMERALD","SKINK","LIV","50","NO","Ctry_SB","Ctry_SB","T","W","C","C","2015-09-08T00:00:00Z","2015-09-05T00:00:00Z","I","LA",2015,"Lamprolepis smaragdina","Lamprolepis smaragdina","GBIF","Species","Reptiles","Lamprolepis","Squamata","eID0081727","Solomon Islands","Solomon Islands"
0,"LASM","LAMPROLEPIS","SMARAGDINA",NA,"EMERALD","SKINK","LIV","5","NO","Ctry_US","Ctry_KR","T","F","C","C","2015-09-10T00:00:00Z","2015-09-10T00:00:00Z","E","SF",2015,"Lamprolepis smaragdina","Lamprolepis smaragdina","GBIF","Species","Reptiles","Lamprolepis","Squamata","eID0085830","United States","Republic of Korea (South)"
0,"LASM","LAMPROLEPIS","SMARAGDINA",NA,"EMERALD","SKINK","SPE","5","NO","Ctry_ID","Ctry_US","S","W","C","C","2015-09-11T00:00:00Z","2015-09-01T00:00:00Z","I","SF",2015,"Lamprolepis smaragdina","Lamprolepis smaragdina","GBIF","Species","Reptiles","Lamprolepis","Squamata","eID0086603","Indonesia","United States"
0,"LASM","LAMPROLEPIS","SMARAGDINA",NA,"EMERALD","SKINK","SPE","1","NO","Ctry_PW","Ctry_PW","S","W","C","C","2015-10-28T00:00:00Z","2015-10-23T00:00:00Z","I","HA",2015,"Lamprolepis smaragdina","Lamprolepis smaragdina","GBIF","Species","Reptiles","Lamprolepis","Squamata","eID0146954","Palau","Palau"
0,"LASM","LAMPROLEPIS","SMARAGDINA",NA,"EMERALD","SKINK","SPE","1","NO","Ctry_PW","Ctry_PW","S","W","C","C","2015-12-02T00:00:00Z","2015-12-01T00:00:00Z","I","HA",2015,"Lamprolepis smaragdina","Lamprolepis smaragdina","GBIF","Species","Reptiles","Lamprolepis","Squamata","eID0191896","Palau","Palau"
0,"LASM","LAMPROLEPIS","SMARAGDINA",NA,"EMERALD","SKINK","SPE","15","NO","Ctry_PW","Ctry_PW","S","W","C","C","2015-03-03T00:00:00Z","2015-03-03T00:00:00Z","I","SF",2015,"Lamprolepis smaragdina","Lamprolepis smaragdina","GBIF","Species","Reptiles","Lamprolepis","Squamata","eID0312688","Palau","Palau"
0,"LASM","LAMPROLEPIS","SMARAGDINA",NA,"EMERALD","SKINK","LIV","1","NO","Ctry_SB","Ctry_JP","T","W","C","C","2015-03-06T00:00:00Z","2015-03-05T00:00:00Z","E","SF",2015,"Lamprolepis smaragdina","Lamprolepis smaragdina","GBIF","Species","Reptiles","Lamprolepis","Squamata","eID0316700","Solomon Islands","Japan"
0,"LASM","LAMPROLEPIS","SMARAGDINA",NA,"EMERALD","SKINK","LIV","40","NO","Ctry_SB","Ctry_SB","T","W","C","C","2015-03-21T00:00:00Z","2015-03-21T00:00:00Z","I","LA",2015,"Lamprolepis smaragdina","Lamprolepis smaragdina","GBIF","Species","Reptiles","Lamprolepis","Squamata","eID0336845","Solomon Islands","Solomon Islands"
0,"LASM","LAMPROLEPIS","SMARAGDINA",NA,"EMERALD","SKINK","LIV","40","NO","Ctry_SB","Ctry_SB","T","W","C","C","2015-04-04T00:00:00Z","2015-04-04T00:00:00Z","I","LA",2015,"Lamprolepis smaragdina","Lamprolepis smaragdina","GBIF","Species","Reptiles","Lamprolepis","Squamata","eID0355475","Solomon Islands","Solomon Islands"
0,"LASM","LAMPROLEPIS","SMARAGDINA",NA,"EMERALD","SKINK","LIV","90","NO","Ctry_SB","Ctry_SB","T","W","C","C","2015-04-11T00:00:00Z","2015-04-11T00:00:00Z","I","LA",2015,"Lamprolepis smaragdina","Lamprolepis smaragdina","GBIF","Species","Reptiles","Lamprolepis","Squamata","eID0364010","Solomon Islands","Solomon Islands"
0,"LASM","LAMPROLEPIS","SMARAGDINA",NA,"EMERALD","SKINK","LIV","50","NO","Ctry_SB","Ctry_SB","T","W","C","C","2015-04-18T00:00:00Z","2015-04-18T00:00:00Z","I","LA",2015,"Lamprolepis smaragdina","Lamprolepis smaragdina","GBIF","Species","Reptiles","Lamprolepis","Squamata","eID0373150","Solomon Islands","Solomon Islands"
0,"LASM","LAMPROLEPIS","SMARAGDINA",NA,"EMERALD","SKINK","LIV","100","NO","Ctry_SB","Ctry_SB","T","W","C","C","2015-05-15T00:00:00Z","2015-05-14T00:00:00Z","I","MI",2015,"Lamprolepis smaragdina","Lamprolepis smaragdina","GBIF","Species","Reptiles","Lamprolepis","Squamata","eID0409866","Solomon Islands","Solomon Islands"
0,"LASM","LAMPROLEPIS","SMARAGDINA",NA,"EMERALD","SKINK","LIV","16","NO","Ctry_SB","Ctry_FR","T","W","C","C","2015-05-28T00:00:00Z","2015-05-28T00:00:00Z","E","MI",2015,"Lamprolepis smaragdina","Lamprolepis smaragdina","GBIF","Species","Reptiles","Lamprolepis","Squamata","eID0425658","Solomon Islands","France"
0,"LASM","LAMPROLEPIS","SMARAGDINA",NA,"EMERALD","SKINK","SPE","5","NO","Ctry_PG","Ctry_PG","S","W","C","C","2015-06-11T00:00:00Z","2015-06-09T00:00:00Z","I","AN",2015,"Lamprolepis smaragdina","Lamprolepis smaragdina","GBIF","Species","Reptiles","Lamprolepis","Squamata","eID0443743","Papua New Guinea","Papua New Guinea"
0,"LASM","LAMPROLEPIS","SMARAGDINA",NA,"EMERALD","SKINK","SPE","8","NO","Ctry_PW","Ctry_PW","S","W","C","C","2015-06-22T00:00:00Z","2015-06-19T00:00:00Z","I","SF",2015,"Lamprolepis smaragdina","Lamprolepis smaragdina","GBIF","Species","Reptiles","Lamprolepis","Squamata","eID0457307","Palau","Palau"
0,"LASM","LAMPROLEPIS","SMARAGDINA",NA,"EMERALD","SKINK","LIV","100","NO","Ctry_SB","Ctry_SB","T","W","C","C","2015-06-25T00:00:00Z","2015-06-25T00:00:00Z","I","MI",2015,"Lamprolepis smaragdina","Lamprolepis smaragdina","GBIF","Species","Reptiles","Lamprolepis","Squamata","eID0462686","Solomon Islands","Solomon Islands"
0,"LASM","LAMPROLEPIS","SMARAGDINA",NA,"EMERALD","SKINK","SPE","22","NO","Ctry_PG","Ctry_PG","S","W","C","C","2015-07-01T00:00:00Z","2015-06-23T00:00:00Z","I","SF",2015,"Lamprolepis smaragdina","Lamprolepis smaragdina","GBIF","Species","Reptiles","Lamprolepis","Squamata","eID0470120","Papua New Guinea","Papua New Guinea"
2016844780,"LASM","LAMPROLEPIS","SMARAGDINA",NA,"EMERALD","SKINK","LIV","200","NO","Ctry_SB","Ctry_SB","T","W","C","C","2016-04-15T00:00:00Z","2016-04-15T00:00:00Z","I","LA",2016,"Lamprolepis smaragdina","Lamprolepis smaragdina","GBIF","Species","Reptiles","Lamprolepis","Squamata","eID0591402","Solomon Islands","Solomon Islands"
2016884030,"LASM","LAMPROLEPIS","SMARAGDINA",NA,"EMERALD","SKINK","LIV","100","NO","Ctry_SB","Ctry_SB","T","W","C","C","2016-07-01T00:00:00Z","2016-07-01T00:00:00Z","I","LA",2016,"Lamprolepis smaragdina","Lamprolepis smaragdina","GBIF","Species","Reptiles","Lamprolepis","Squamata","eID0718272","Solomon Islands","Solomon Islands"
2016963004,"LASM","LAMPROLEPIS","SMARAGDINA",NA,"EMERALD","SKINK","LIV","20","NO","Ctry_SB","Ctry_SB","T","W","C","C","2016-12-02T00:00:00Z","2016-12-02T00:00:00Z","I","LA",2016,"Lamprolepis smaragdina","Lamprolepis smaragdina","GBIF","Species","Reptiles","Lamprolepis","Squamata","eID0779524","Solomon Islands","Solomon Islands"
2016893677,"LASM","LAMPROLEPIS","SMARAGDINA",NA,"EMERALD","SKINK","LIV","3","NO","Ctry_SB","Ctry_KR","T","W","C","C","2016-07-21T00:00:00Z","2016-07-21T00:00:00Z","E","MI",2016,"Lamprolepis smaragdina","Lamprolepis smaragdina","GBIF","Species","Reptiles","Lamprolepis","Squamata","eID0838867","Solomon Islands","Republic of Korea (South)"
2016896442,"LASM","LAMPROLEPIS","SMARAGDINA",NA,"EMERALD","SKINK","LIV","3","NO","Ctry_SB","Ctry_KR","T","W","C","C","2016-07-27T00:00:00Z","2016-07-27T00:00:00Z","E","MI",2016,"Lamprolepis smaragdina","Lamprolepis smaragdina","GBIF","Species","Reptiles","Lamprolepis","Squamata","eID0838891","Solomon Islands","Republic of Korea (South)"
2016922055,"LASM","LAMPROLEPIS","SMARAGDINA",NA,"EMERALD","SKINK","LIV","4","NO","Ctry_SB","Ctry_RU","T","W","C","C","2016-09-19T00:00:00Z","2016-09-13T00:00:00Z","E","MI",2016,"Lamprolepis smaragdina","Lamprolepis smaragdina","GBIF","Species","Reptiles","Lamprolepis","Squamata","eID0839204","Solomon Islands","Russian Federation"
2019632924,"LASM","LAMPROLEPIS","SMARAGDINA",NA,"EMERALD","SKINK","LIV","Ex 4","Ex 4","Ctry_Ex 4","Ctry_Ex 4","T","Ex 4","C","C","2019-10-10T00:00:00Z",NA,"Ex 4","Ex 4",NA,"Lamprolepis smaragdina","Lamprolepis smaragdina","GBIF","Species","Reptiles","Lamprolepis","Squamata","eID0914314",NA,NA
2020686238,"LASM","LAMPROLEPIS","SMARAGDINA",NA,"EMERALD","SKINK","LIV","Ex 4","Ex 4","Ctry_Ex 4","Ctry_Ex 4","T","Ex 4","C","C","2020-01-09T00:00:00Z",NA,"Ex 4","Ex 4",NA,"Lamprolepis smaragdina","Lamprolepis smaragdina","GBIF","Species","Reptiles","Lamprolepis","Squamata","eID0917136",NA,NA
2016848554,"LASM","LAMPROLEPIS","SMARAGDINA",NA,"EMERALD","SKINK","LIV","Ex 4","Ex 4","Ctry_Ex 4","Ctry_SB","T","W","C","C","2016-04-22T00:00:00Z",NA,"I","Ex 4",NA,"Lamprolepis smaragdina","Lamprolepis smaragdina","GBIF","Species","Reptiles","Lamprolepis","Squamata","eID0935549",NA,"Solomon Islands"
2016855950,"LASM","LAMPROLEPIS","SMARAGDINA",NA,"EMERALD","SKINK","LIV","Ex 4","Ex 4","Ctry_Ex 4","Ctry_SB","T","W","C","C","2016-05-06T00:00:00Z",NA,"I","Ex 4",NA,"Lamprolepis smaragdina","Lamprolepis smaragdina","GBIF","Species","Reptiles","Lamprolepis","Squamata","eID0937169",NA,"Solomon Islands"
2016869455,"LASM","LAMPROLEPIS","SMARAGDINA",NA,"EMERALD","SKINK","LIV","Ex 4","Ex 4","Ctry_Ex 4","Ctry_SB","T","W","C","C","2016-06-03T00:00:00Z",NA,"I","Ex 4",NA,"Lamprolepis smaragdina","Lamprolepis smaragdina","GBIF","Species","Reptiles","Lamprolepis","Squamata","eID0939866",NA,"Solomon Islands"
2016873323,"LASM","LAMPROLEPIS","SMARAGDINA",NA,"EMERALD","SKINK","LIV","Ex 4","Ex 4","Ctry_Ex 4","Ctry_SB","T","W","C","C","2016-06-10T00:00:00Z",NA,"I","Ex 4",NA,"Lamprolepis smaragdina","Lamprolepis smaragdina","GBIF","Species","Reptiles","Lamprolepis","Squamata","eID0940683",NA,"Solomon Islands"
2016917712,"LASM","LAMPROLEPIS","SMARAGDINA",NA,"EMERALD","SKINK","LIV","Ex 4","Ex 4","Ctry_Ex 4","Ctry_SB","T","W","C","C","2016-09-09T00:00:00Z",NA,"I","Ex 4",NA,"Lamprolepis smaragdina","Lamprolepis smaragdina","GBIF","Species","Reptiles","Lamprolepis","Squamata","eID0950284",NA,"Solomon Islands"
2016947110,"LASM","LAMPROLEPIS","SMARAGDINA",NA,"EMERALD","SKINK","LIV","Ex 4","Ex 4","Ctry_Ex 4","Ctry_SB","T","W","C","C","2016-11-04T00:00:00Z",NA,"I","Ex 4",NA,"Lamprolepis smaragdina","Lamprolepis smaragdina","GBIF","Species","Reptiles","Lamprolepis","Squamata","eID0956391",NA,"Solomon Islands"
2018439602,"LASM","LAMPROLEPIS","SMARAGDINA",NA,"EMERALD","SKINK","LIV","Ex 4","Ex 4","Ctry_Ex 4","Ctry_SB","T","W","C","C","2018-10-26T00:00:00Z",NA,"I","Ex 4",NA,"Lamprolepis smaragdina","Lamprolepis smaragdina","GBIF","Species","Reptiles","Lamprolepis","Squamata","eID1046029",NA,"Solomon Islands"
2019515189,"LASM","LAMPROLEPIS","SMARAGDINA",NA,"EMERALD","SKINK","LIV","Ex 4","Ex 4","Ctry_Ex 4","Ctry_SB","T","W","C","C","2019-03-15T00:00:00Z",NA,"I","Ex 4",NA,"Lamprolepis smaragdina","Lamprolepis smaragdina","GBIF","Species","Reptiles","Lamprolepis","Squamata","eID1063141",NA,"Solomon Islands"
2019534684,"LASM","LAMPROLEPIS","SMARAGDINA",NA,"EMERALD","SKINK","LIV","Ex 4","Ex 4","Ctry_Ex 4","Ctry_SB","T","W","C","C","2019-04-19T00:00:00Z",NA,"I","Ex 4",NA,"Lamprolepis smaragdina","Lamprolepis smaragdina","GBIF","Species","Reptiles","Lamprolepis","Squamata","eID1067722",NA,"Solomon Islands"
2019583430,"LASM","LAMPROLEPIS","SMARAGDINA",NA,"EMERALD","SKINK","LIV","Ex 4","Ex 4","Ctry_Ex 4","Ctry_JP","T","W","C","C","2019-07-17T00:00:00Z","2019-07-17T00:00:00Z","E","SF",2019,"Lamprolepis smaragdina","Lamprolepis smaragdina","GBIF","Species","Reptiles","Lamprolepis","Squamata","eID1078984",NA,"Japan"
2019669014,"LASM","LAMPROLEPIS","SMARAGDINA",NA,"EMERALD","SKINK","LIV","Ex 4","Ex 4","Ctry_Ex 4","Ctry_SB","T","W","C","C","2019-12-07T00:00:00Z",NA,"I","Ex 4",NA,"Lamprolepis smaragdina","Lamprolepis smaragdina","GBIF","Species","Reptiles","Lamprolepis","Squamata","eID1097914",NA,"Solomon Islands"
2020704127,"LASM","LAMPROLEPIS","SMARAGDINA",NA,"EMERALD","SKINK","LIV","Ex 4","Ex 4","Ctry_Ex 4","Ctry_SB","T","W","C","C","2020-02-08T00:00:00Z",NA,"I","Ex 4",NA,"Lamprolepis smaragdina","Lamprolepis smaragdina","GBIF","Species","Reptiles","Lamprolepis","Squamata","eID1105436",NA,"Solomon Islands"
2020714944,"LASM","LAMPROLEPIS","SMARAGDINA",NA,"EMERALD","SKINK","LIV","Ex 4","Ex 4","Ctry_Ex 4","Ctry_SB","T","W","C","C","2020-02-29T00:00:00Z",NA,"I","Ex 4",NA,"Lamprolepis smaragdina","Lamprolepis smaragdina","GBIF","Species","Reptiles","Lamprolepis","Squamata","eID1108021",NA,"Solomon Islands"
2020813736,"LASM","LAMPROLEPIS","SMARAGDINA",NA,"EMERALD","SKINK","LIV","Ex 4","Ex 4","Ctry_Ex 4","Ctry_SB","T","W","C","C","2020-11-17T00:00:00Z",NA,"I","Ex 4",NA,"Lamprolepis smaragdina","Lamprolepis smaragdina","GBIF","Species","Reptiles","Lamprolepis","Squamata","eID1128304",NA,"Solomon Islands"
2016890760,"****","LAMPROLEPIS","SMARAGDINUS",NA,NA,NA,"SPE","1","NO","Ctry_SB","Ctry_SB","S","W","C","C","2016-07-15T00:00:00Z","2016-06-25T00:00:00Z","I","LA",2016,"Lamprolepis smaragdinus","Lamprolepis smaragdina","Index to Organism Names","Species","Reptiles","Lamprolepis","Squamata","eID1147983","Solomon Islands","Solomon Islands"
2016977988,"LASM","LAMPROLEPIS","SMARAGDINA",NA,"EMERALD","SKINK","SPE","26","NO","Ctry_PG","Ctry_IL","S","W","C","C","2016-12-28T00:00:00Z","2016-12-27T00:00:00Z","E","HA",2016,"Lamprolepis smaragdina","Lamprolepis smaragdina","GBIF","Species","Reptiles","Lamprolepis","Squamata","eID1158490","Papua New Guinea","Israel"
2017169077,"LASM","LAMPROLEPIS","SMARAGDINA",NA,"EMERALD","SKINK","SPE","2","NO","Ctry_XX","Ctry_PG","S","W","C","C","2017-06-15T00:00:00Z","2017-06-03T00:00:00Z","I","ME",2017,"Lamprolepis smaragdina","Lamprolepis smaragdina","GBIF","Species","Reptiles","Lamprolepis","Squamata","eID1168107",NA,"Papua New Guinea"
2017189664,"LASM","LAMPROLEPIS","SMARAGDINA",NA,"EMERALD","SKINK","SPE","15","NO","Ctry_SB","Ctry_SB","S","W","C","C","2017-07-24T00:00:00Z","2017-07-21T00:00:00Z","I","LA",2017,"Lamprolepis smaragdina","Lamprolepis smaragdina","GBIF","Species","Reptiles","Lamprolepis","Squamata","eID1170895","Solomon Islands","Solomon Islands"
2017219832,"LASM","LAMPROLEPIS","SMARAGDINA",NA,"EMERALD","SKINK","SPE","2","NO","Ctry_PG","Ctry_G2","S","W","C","C","2017-09-19T00:00:00Z","2017-09-12T00:00:00Z","E","LO",2017,"Lamprolepis smaragdina","Lamprolepis smaragdina","GBIF","Species","Reptiles","Lamprolepis","Squamata","eID1174926","Papua New Guinea",NA
2017274850,"LASM","LAMPROLEPIS","SMARAGDINA",NA,"EMERALD","SKINK","SPE","2","NO","Ctry_ID","Ctry_ID","S","W","C","C","2017-12-21T00:00:00Z","2017-12-09T00:00:00Z","I","SF",2017,"Lamprolepis smaragdina","Lamprolepis smaragdina","GBIF","Species","Reptiles","Lamprolepis","Squamata","eID1181795","Indonesia","Indonesia"
2019617696,"LASM","LAMPROLEPIS","SMARAGDINA",NA,"EMERALD","SKINK","SPE","5","NO","Ctry_SB","Ctry_SB","S","W","C","C","2019-09-17T00:00:00Z","2019-07-27T00:00:00Z","I","LA",2019,"Lamprolepis smaragdina","Lamprolepis smaragdina","GBIF","Species","Reptiles","Lamprolepis","Squamata","eID1204321","Solomon Islands","Solomon Islands"
2019632472,"LASM","LAMPROLEPIS","SMARAGDINA",NA,"EMERALD","SKINK","SPE","26","NO","Ctry_PG","Ctry_IL","S","W","C","C","2019-10-09T00:00:00Z","2019-06-27T00:00:00Z","I","HA",2019,"Lamprolepis smaragdina","Lamprolepis smaragdina","GBIF","Species","Reptiles","Lamprolepis","Squamata","eID1205966","Papua New Guinea","Israel"
2019650965,"LASM","LAMPROLEPIS","SMARAGDINA",NA,"EMERALD","SKINK","SPE","1","NO","Ctry_ID","Ctry_ID","S","W","C","C","2019-11-08T00:00:00Z","2019-11-08T00:00:00Z","I","SF",2019,"Lamprolepis smaragdina","Lamprolepis smaragdina","GBIF","Species","Reptiles","Lamprolepis","Squamata","eID1208208","Indonesia","Indonesia"
2019663149,"LASM","LAMPROLEPIS","SMARAGDINA",NA,"EMERALD","SKINK","SPE","1","NO","Ctry_ID","Ctry_ID","S","W","C","C","2019-11-29T00:00:00Z","2019-11-30T00:00:00Z","E","SF",2019,"Lamprolepis smaragdina","Lamprolepis smaragdina","GBIF","Species","Reptiles","Lamprolepis","Squamata","eID1209540","Indonesia","Indonesia"
2017164470,"LASM","LAMPROLEPIS","SMARAGDINA",NA,"EMERALD","SKINK","LIV","3","NO","Ctry_US","Ctry_NL","T","C","C","C","2017-06-07T00:00:00Z","2017-06-07T00:00:00Z","E","LA",2017,"Lamprolepis smaragdina","Lamprolepis smaragdina","GBIF","Species","Reptiles","Lamprolepis","Squamata","eID1367686","United States","Netherlands"
2017134311,"LASM","LAMPROLEPIS","SMARAGDINA",NA,"EMERALD","SKINK","LIV","27","NO","Ctry_SB","Ctry_SB","T","W","C","C","2017-04-07T00:00:00Z","2017-04-07T00:00:00Z","I","LA",2017,"Lamprolepis smaragdina","Lamprolepis smaragdina","GBIF","Species","Reptiles","Lamprolepis","Squamata","eID1387841","Solomon Islands","Solomon Islands"
2017229070,"LASM","LAMPROLEPIS","SMARAGDINA",NA,"EMERALD","SKINK","LIV","1","NO","Ctry_CA","Ctry_CA","T","C","C","C","2017-10-04T00:00:00Z","2017-10-05T00:00:00Z","I","DE",2017,"Lamprolepis smaragdina","Lamprolepis smaragdina","GBIF","Species","Reptiles","Lamprolepis","Squamata","eID1545942","Canada","Canada"
2018395984,"LASM","LAMPROLEPIS","SMARAGDINA",NA,"EMERALD","SKINK","LIV","35","NO","Ctry_ID","Ctry_ID","T","W","C","C","2018-08-06T00:00:00Z","2018-01-31T00:00:00Z","I","MI",2018,"Lamprolepis smaragdina","Lamprolepis smaragdina","GBIF","Species","Reptiles","Lamprolepis","Squamata","eID1746690","Indonesia","Indonesia"
2018406290,"LASM","LAMPROLEPIS","SMARAGDINA",NA,"EMERALD","SKINK","LIV","10","NO","Ctry_SB","Ctry_SB","T","W","C","C","2018-08-24T00:00:00Z","2018-08-24T00:00:00Z","I","LA",2018,"Lamprolepis smaragdina","Lamprolepis smaragdina","GBIF","Species","Reptiles","Lamprolepis","Squamata","eID1869723","Solomon Islands","Solomon Islands"
2018424312,"LASM","LAMPROLEPIS","SMARAGDINA",NA,"EMERALD","SKINK","LIV","25","NO","Ctry_SB","Ctry_SB","T","W","C","C","2018-09-28T00:00:00Z","2018-09-28T00:00:00Z","I","LA",2018,"Lamprolepis smaragdina","Lamprolepis smaragdina","GBIF","Species","Reptiles","Lamprolepis","Squamata","eID1958073","Solomon Islands","Solomon Islands"
2018443632,"LASM","LAMPROLEPIS","SMARAGDINA",NA,"EMERALD","SKINK","LIV","50","NO","Ctry_SB","Ctry_SB","T","W","C","C","2018-11-02T00:00:00Z","2018-11-02T00:00:00Z","I","LA",2018,"Lamprolepis smaragdina","Lamprolepis smaragdina","GBIF","Species","Reptiles","Lamprolepis","Squamata","eID1958087","Solomon Islands","Solomon Islands"
2019565508,"LASM","LAMPROLEPIS","SMARAGDINA",NA,"EMERALD","SKINK","LIV","50","NO","Ctry_SB","Ctry_SB","T","W","C","C","2019-06-17T00:00:00Z","2019-06-15T00:00:00Z","I","LA",2019,"Lamprolepis smaragdina","Lamprolepis smaragdina","GBIF","Species","Reptiles","Lamprolepis","Squamata","eID2054562","Solomon Islands","Solomon Islands"
2019507475,"LASM","LAMPROLEPIS","SMARAGDINA",NA,"EMERALD","SKINK","LIV","100","NO","Ctry_SB","Ctry_SB","T","W","C","C","2019-03-01T00:00:00Z","2019-03-01T00:00:00Z","I","LA",2019,"Lamprolepis smaragdina","Lamprolepis smaragdina","GBIF","Species","Reptiles","Lamprolepis","Squamata","eID2075024","Solomon Islands","Solomon Islands"
2019522360,"LASM","LAMPROLEPIS","SMARAGDINA",NA,"EMERALD","SKINK","LIV","200","NO","Ctry_SB","Ctry_SB","T","W","C","C","2019-03-30T00:00:00Z","2019-03-29T00:00:00Z","I","LA",2019,"Lamprolepis smaragdina","Lamprolepis smaragdina","GBIF","Species","Reptiles","Lamprolepis","Squamata","eID2075030","Solomon Islands","Solomon Islands"
2019541890,"LASM","LAMPROLEPIS","SMARAGDINA",NA,"EMERALD","SKINK","LIV","20","NO","Ctry_SB","Ctry_SB","T","W","C","C","2019-05-03T00:00:00Z","2019-05-03T00:00:00Z","I","LA",2019,"Lamprolepis smaragdina","Lamprolepis smaragdina","GBIF","Species","Reptiles","Lamprolepis","Squamata","eID2075034","Solomon Islands","Solomon Islands"
2019556282,"LASM","LAMPROLEPIS","SMARAGDINA",NA,"EMERALD","SKINK","LIV","100","NO","Ctry_SB","Ctry_SB","T","W","C","C","2019-05-31T00:00:00Z","2019-05-31T00:00:00Z","I","LA",2019,"Lamprolepis smaragdina","Lamprolepis smaragdina","GBIF","Species","Reptiles","Lamprolepis","Squamata","eID2075045","Solomon Islands","Solomon Islands"
2019572480,"LASM","LAMPROLEPIS","SMARAGDINA",NA,"EMERALD","SKINK","LIV","90","NO","Ctry_SB","Ctry_SB","T","W","C","C","2019-06-27T00:00:00Z","2019-06-21T00:00:00Z","I","LA",2019,"Lamprolepis smaragdina","Lamprolepis smaragdina","GBIF","Species","Reptiles","Lamprolepis","Squamata","eID2075051","Solomon Islands","Solomon Islands"
2019513529,"****","LAMPROLEPIS","CAPENSIS",NA,NA,NA,"LIV","3","NO","Ctry_NL","Ctry_NL","T","W","C","C","2019-03-13T00:00:00Z","2019-03-12T00:00:00Z","I","LA",2019,"Lamprolepis capensis","Lamprolepis","GBIF Backbone Taxonomy","Genus","Reptiles","Lamprolepis","Squamata","eID2118310","Netherlands","Netherlands"
2019574427,"LASM","LAMPROLEPIS","SMARAGDINA",NA,"EMERALD","SKINK","LIV","100","NO","Ctry_SB","Ctry_SB","T","W","C","C","2019-07-01T00:00:00Z","2019-06-29T00:00:00Z","I","LA",2019,"Lamprolepis smaragdina","Lamprolepis smaragdina","GBIF","Species","Reptiles","Lamprolepis","Squamata","eID2154408","Solomon Islands","Solomon Islands"
2019589400,"LASM","LAMPROLEPIS","SMARAGDINA",NA,"EMERALD","SKINK","LIV","50","NO","Ctry_SB","Ctry_SB","T","C","C","C","2019-07-29T00:00:00Z","2019-07-26T00:00:00Z","I","LA",2019,"Lamprolepis smaragdina","Lamprolepis smaragdina","GBIF","Species","Reptiles","Lamprolepis","Squamata","eID2232362","Solomon Islands","Solomon Islands"
2019588126,"LASM","LAMPROLEPIS","SMARAGDINA",NA,"EMERALD","SKINK","LIV","6","NO","Ctry_SB","Ctry_JP","T","W","C","C","2019-07-26T00:00:00Z","2019-07-26T00:00:00Z","E","MI",2019,"Lamprolepis smaragdina","Lamprolepis smaragdina","GBIF","Species","Reptiles","Lamprolepis","Squamata","eID2249284","Solomon Islands","Japan"
2019631440,"LASM","LAMPROLEPIS","SMARAGDINA",NA,"EMERALD","SKINK","LIV","100","NO","Ctry_SB","Ctry_SB","T","W","C","C","2019-10-08T00:00:00Z","2019-10-08T00:00:00Z","I","LA",2019,"Lamprolepis smaragdina","Lamprolepis smaragdina","GBIF","Species","Reptiles","Lamprolepis","Squamata","eID2266735","Solomon Islands","Solomon Islands"
2019592081,"LASM","LAMPROLEPIS","SMARAGDINA",NA,"EMERALD","SKINK","LIV","42","NO","Ctry_SB","Ctry_SB","T","W","C","C","2019-08-02T00:00:00Z","2019-08-02T00:00:00Z","I","LA",2019,"Lamprolepis smaragdina","Lamprolepis smaragdina","GBIF","Species","Reptiles","Lamprolepis","Squamata","eID2266747","Solomon Islands","Solomon Islands"
2019678237,"LASM","LAMPROLEPIS","SMARAGDINA",NA,"EMERALD","SKINK","LIV","30","NO","Ctry_SB","Ctry_SB","T","W","R","A","2019-12-20T00:00:00Z","2019-12-01T00:00:00Z","I","LA",2019,"Lamprolepis smaragdina","Lamprolepis smaragdina","GBIF","Species","Reptiles","Lamprolepis","Squamata","eID2270679","Solomon Islands","Solomon Islands"
2019612374,"LASM","LAMPROLEPIS","SMARAGDINA",NA,"EMERALD","SKINK","LIV","148","NO","Ctry_SB","Ctry_SB","T","W","C","C","2019-09-07T00:00:00Z","2019-09-07T00:00:00Z","I","LA",2019,"Lamprolepis smaragdina","Lamprolepis smaragdina","GBIF","Species","Reptiles","Lamprolepis","Squamata","eID2346100","Solomon Islands","Solomon Islands"
2019646891,"LASM","LAMPROLEPIS","SMARAGDINA",NA,"EMERALD","SKINK","LIV","36","NO","Ctry_SB","Ctry_SB","T","W","C","C","2019-11-02T00:00:00Z","2019-11-02T00:00:00Z","I","LA",2019,"Lamprolepis smaragdina","Lamprolepis smaragdina","GBIF","Species","Reptiles","Lamprolepis","Squamata","eID2346939","Solomon Islands","Solomon Islands"
2020748017,"LML?","LAMPROLEPIS","SPECIES",NA,NA,"SKINK","LIV","15","NO","Ctry_HK","Ctry_HK","T","C","C","C","2020-06-16T00:00:00Z","2020-06-16T00:00:00Z","I","LA",2020,"Lamprolepis species","Lamprolepis","Catalogue of Life Checklist","Genus","Reptiles","Lamprolepis","Squamata","eID2429817","Hong Kong","Hong Kong"
2020689495,"LASM","LAMPROLEPIS","SMARAGDINA",NA,"EMERALD","SKINK","LIV","46","NO","Ctry_ID","Ctry_ID","T","W","C","C","2020-01-15T00:00:00Z","2020-01-15T00:00:00Z","I","MI",2020,"Lamprolepis smaragdina","Lamprolepis smaragdina","GBIF","Species","Reptiles","Lamprolepis","Squamata","eID2435146","Indonesia","Indonesia"
2020695795,"LASM","LAMPROLEPIS","SMARAGDINA",NA,"EMERALD","SKINK","LIV","200","NO","Ctry_SB","Ctry_SB","T","W","C","C","2020-01-25T00:00:00Z","2020-01-25T00:00:00Z","I","LA",2020,"Lamprolepis smaragdina","Lamprolepis smaragdina","GBIF","Species","Reptiles","Lamprolepis","Squamata","eID2474427","Solomon Islands","Solomon Islands"
2020718988,"LASM","LAMPROLEPIS","SMARAGDINA",NA,"EMERALD","SKINK","LIV","200","NO","Ctry_SB","Ctry_SB","T","W","C","C","2020-03-07T00:00:00Z","2020-03-07T00:00:00Z","I","LA",2020,"Lamprolepis smaragdina","Lamprolepis smaragdina","GBIF","Species","Reptiles","Lamprolepis","Squamata","eID2475087","Solomon Islands","Solomon Islands"
2020773563,"LML?","LAMPROLEPIS","SPECIES",NA,NA,"SKINK","LIV","48","NO","Ctry_HK","Ctry_HK","T","C","C","C","2020-08-24T00:00:00Z","2020-08-24T00:00:00Z","I","LA",2020,"Lamprolepis species","Lamprolepis","Catalogue of Life Checklist","Genus","Reptiles","Lamprolepis","Squamata","eID2480058","Hong Kong","Hong Kong"
2020815031,"LASM","LAMPROLEPIS","SMARAGDINA",NA,"EMERALD","SKINK","LIV","27","NO","Ctry_ID","Ctry_ID","T","W","C","C","2020-11-19T00:00:00Z","2020-11-19T00:00:00Z","I","MI",2020,"Lamprolepis smaragdina","Lamprolepis smaragdina","GBIF","Species","Reptiles","Lamprolepis","Squamata","eID2557059","Indonesia","Indonesia"
2020820921,"LASM","LAMPROLEPIS","SMARAGDINA",NA,"EMERALD","SKINK","LIV","6","NO","Ctry_ID","Ctry_CA","T","W","C","C","2020-12-03T00:00:00Z","2020-12-03T00:00:00Z","E","MI",2020,"Lamprolepis smaragdina","Lamprolepis smaragdina","GBIF","Species","Reptiles","Lamprolepis","Squamata","eID2563703","Indonesia","Canada"
2020812179,"LASM","LAMPROLEPIS","SMARAGDINA",NA,"EMERALD","SKINK","LIV","78","NO","Ctry_SB","Ctry_SB","T","W","C","C","2020-11-13T00:00:00Z","2020-11-12T00:00:00Z","I","LA",2020,"Lamprolepis smaragdina","Lamprolepis smaragdina","GBIF","Species","Reptiles","Lamprolepis","Squamata","eID2570600","Solomon Islands","Solomon Islands"
2020828458,"LASM","LAMPROLEPIS","SMARAGDINA",NA,"EMERALD","SKINK","LIV","30","NO","Ctry_SB","Ctry_SB","T","W","C","C","2020-12-17T00:00:00Z","2020-12-17T00:00:00Z","I","LA",2020,"Lamprolepis smaragdina","Lamprolepis smaragdina","GBIF","Species","Reptiles","Lamprolepis","Squamata","eID2570613","Solomon Islands","Solomon Islands"
2020811394,"LASM","LAMPROLEPIS","SMARAGDINA",NA,"EMERALD","SKINK","LIV","50","NO","Ctry_SB","Ctry_SB","T","W","C","C","2020-11-12T00:00:00Z","2020-11-12T00:00:00Z","I","LA",2020,"Lamprolepis smaragdina","Lamprolepis smaragdina","GBIF","Species","Reptiles","Lamprolepis","Squamata","eID2571259","Solomon Islands","Solomon Islands"
2020783072,"LASM","LAMPROLEPIS","SMARAGDINA",NA,"EMERALD","SKINK","LIV","200","NO","Ctry_SB","Ctry_SB","T","W","C","C","2020-09-17T00:00:00Z","2020-09-16T00:00:00Z","I","LA",2020,"Lamprolepis smaragdina","Lamprolepis smaragdina","GBIF","Species","Reptiles","Lamprolepis","Squamata","eID2571264","Solomon Islands","Solomon Islands"
2020817919,"LASM","LAMPROLEPIS","SMARAGDINA",NA,"EMERALD","SKINK","LIV","100","NO","Ctry_SB","Ctry_SB","T","W","C","C","2020-11-26T00:00:00Z","2020-11-26T00:00:00Z","I","LA",2020,"Lamprolepis smaragdina","Lamprolepis smaragdina","GBIF","Species","Reptiles","Lamprolepis","Squamata","eID2571268","Solomon Islands","Solomon Islands"
2020828456,"LASM","LAMPROLEPIS","SMARAGDINA",NA,"EMERALD","SKINK","LIV","200","NO","Ctry_SB","Ctry_SB","T","W","C","C","2020-12-17T00:00:00Z","2020-12-16T00:00:00Z","I","LA",2020,"Lamprolepis smaragdina","Lamprolepis smaragdina","GBIF","Species","Reptiles","Lamprolepis","Squamata","eID2571276","Solomon Islands","Solomon Islands"
2020788864,"LASM","LAMPROLEPIS","SMARAGDINA",NA,"EMERALD","SKINK","LIV","200","NO","Ctry_SB","Ctry_SB","T","C","C","C","2020-10-01T00:00:00Z","2020-09-30T00:00:00Z","I","LA",2020,"Lamprolepis smaragdina","Lamprolepis smaragdina","GBIF","Species","Reptiles","Lamprolepis","Squamata","eID2571279","Solomon Islands","Solomon Islands"
2020811427,"LASM","LAMPROLEPIS","SMARAGDINA",NA,"EMERALD","SKINK","LIV","50","NO","Ctry_SB","Ctry_SB","T","C","C","C","2020-11-12T00:00:00Z","2020-11-12T00:00:00Z","I","LA",2020,"Lamprolepis smaragdina","Lamprolepis smaragdina","GBIF","Species","Reptiles","Lamprolepis","Squamata","eID2571283","Solomon Islands","Solomon Islands"
2020828457,"LASM","LAMPROLEPIS","SMARAGDINA",NA,"EMERALD","SKINK","LIV","100","NO","Ctry_SB","Ctry_SB","T","C","C","C","2020-12-17T00:00:00Z","2020-12-17T00:00:00Z","I","LA",2020,"Lamprolepis smaragdina","Lamprolepis smaragdina","GBIF","Species","Reptiles","Lamprolepis","Squamata","eID2571288","Solomon Islands","Solomon Islands"
0,"LASM","LAMPROLEPIS","SMARAGDINA",NA,"EMERALD","SKINK","LIV","182","NO","Ctry_SB","Ctry_SB","T","W","C","C","2021-01-02T00:00:00Z","2021-01-02T00:00:00Z","I","LA",2021,"Lamprolepis smaragdina","Lamprolepis smaragdina","GBIF","Species","Reptiles","Lamprolepis","Squamata","eID2619641","Solomon Islands","Solomon Islands"
0,"LASM","LAMPROLEPIS","SMARAGDINA",NA,"EMERALD","SKINK","LIV","100","NO","Ctry_SB","Ctry_SB","T","C","C","C","2021-01-14T00:00:00Z","2021-01-14T00:00:00Z","I","LA",2021,"Lamprolepis smaragdina","Lamprolepis smaragdina","GBIF","Species","Reptiles","Lamprolepis","Squamata","eID2628806","Solomon Islands","Solomon Islands"
0,"LASM","LAMPROLEPIS","SMARAGDINA",NA,"EMERALD","SKINK","LIV","50","NO","Ctry_SB","Ctry_SB","T","W","C","C","2021-01-28T00:00:00Z","2021-01-28T00:00:00Z","I","LA",2021,"Lamprolepis smaragdina","Lamprolepis smaragdina","GBIF","Species","Reptiles","Lamprolepis","Squamata","eID2642103","Solomon Islands","Solomon Islands"
0,"LASM","LAMPROLEPIS","SMARAGDINA",NA,"EMERALD","SKINK","LIV","100","NO","Ctry_SB","Ctry_SB","T","W","C","C","2021-02-19T00:00:00Z","2021-02-18T00:00:00Z","I","LA",2021,"Lamprolepis smaragdina","Lamprolepis smaragdina","GBIF","Species","Reptiles","Lamprolepis","Squamata","eID2661838","Solomon Islands","Solomon Islands"
0,"LASM","LAMPROLEPIS","SMARAGDINA",NA,"EMERALD","SKINK","LIV","188","NO","Ctry_SB","Ctry_SB","T","W","C","C","2021-02-26T00:00:00Z","2021-02-25T00:00:00Z","I","LA",2021,"Lamprolepis smaragdina","Lamprolepis smaragdina","GBIF","Species","Reptiles","Lamprolepis","Squamata","eID2669714","Solomon Islands","Solomon Islands"
0,"LASM","LAMPROLEPIS","SMARAGDINA",NA,"EMERALD","SKINK","LIV","100","NO","Ctry_SB","Ctry_SB","T","W","C","C","2021-03-04T00:00:00Z","2021-03-03T00:00:00Z","I","LA",2021,"Lamprolepis smaragdina","Lamprolepis smaragdina","GBIF","Species","Reptiles","Lamprolepis","Squamata","eID2677055","Solomon Islands","Solomon Islands"
0,"LASM","LAMPROLEPIS","SMARAGDINA",NA,"EMERALD","SKINK","LIV","91","NO","Ctry_SB","Ctry_SB","T","W","C","C","2021-03-11T00:00:00Z","2021-03-11T00:00:00Z","I","LA",2021,"Lamprolepis smaragdina","Lamprolepis smaragdina","GBIF","Species","Reptiles","Lamprolepis","Squamata","eID2684838","Solomon Islands","Solomon Islands"
0,"LASM","LAMPROLEPIS","SMARAGDINA",NA,"EMERALD","SKINK","LIV","200","NO","Ctry_SB","Ctry_SB","T","W","C","C","2021-03-18T00:00:00Z","2021-03-18T00:00:00Z","I","LA",2021,"Lamprolepis smaragdina","Lamprolepis smaragdina","GBIF","Species","Reptiles","Lamprolepis","Squamata","eID2692124","Solomon Islands","Solomon Islands"
0,"LASM","LAMPROLEPIS","SMARAGDINA",NA,"EMERALD","SKINK","LIV","150","NO","Ctry_SB","Ctry_SB","T","W","C","C","2021-03-18T00:00:00Z","2021-03-18T00:00:00Z","I","LA",2021,"Lamprolepis smaragdina","Lamprolepis smaragdina","GBIF","Species","Reptiles","Lamprolepis","Squamata","eID2692131","Solomon Islands","Solomon Islands"
0,"LASM","LAMPROLEPIS","SMARAGDINA",NA,"EMERALD","SKINK","LIV","100","NO","Ctry_SB","Ctry_SB","T","W","C","C","2021-03-25T00:00:00Z","2021-03-25T00:00:00Z","I","LA",2021,"Lamprolepis smaragdina","Lamprolepis smaragdina","GBIF","Species","Reptiles","Lamprolepis","Squamata","eID2700254","Solomon Islands","Solomon Islands"
0,"LASM","LAMPROLEPIS","SMARAGDINA",NA,"EMERALD","SKINK","LIV","25","NO","Ctry_SB","Ctry_SB","T","C","C","C","2021-03-25T00:00:00Z","2021-03-25T00:00:00Z","I","LA",2021,"Lamprolepis smaragdina","Lamprolepis smaragdina","GBIF","Species","Reptiles","Lamprolepis","Squamata","eID2700260","Solomon Islands","Solomon Islands"
0,"LASM","LAMPROLEPIS","SMARAGDINA",NA,"EMERALD","SKINK","LIV","190","NO","Ctry_SB","Ctry_SB","T","W","C","C","2021-04-02T00:00:00Z","2021-04-01T00:00:00Z","I","LA",2021,"Lamprolepis smaragdina","Lamprolepis smaragdina","GBIF","Species","Reptiles","Lamprolepis","Squamata","eID2708572","Solomon Islands","Solomon Islands"
0,"LASM","LAMPROLEPIS","SMARAGDINA",NA,"EMERALD","SKINK","LIV","12","NO","Ctry_SB","Ctry_JP","T","W","C","C","2021-04-08T00:00:00Z","2021-04-08T00:00:00Z","E","MI",2021,"Lamprolepis smaragdina","Lamprolepis smaragdina","GBIF","Species","Reptiles","Lamprolepis","Squamata","eID2713955","Solomon Islands","Japan"
0,"LASM","LAMPROLEPIS","SMARAGDINA",NA,"EMERALD","SKINK","LIV","120","NO","Ctry_SB","Ctry_SB","T","W","C","C","2021-04-09T00:00:00Z","2021-04-08T00:00:00Z","I","LA",2021,"Lamprolepis smaragdina","Lamprolepis smaragdina","GBIF","Species","Reptiles","Lamprolepis","Squamata","eID2715378","Solomon Islands","Solomon Islands"
0,"LASM","LAMPROLEPIS","SMARAGDINA",NA,"EMERALD","SKINK","LIV","12","NO","Ctry_SB","Ctry_JP","T","W","C","C","2021-04-15T00:00:00Z","2021-04-15T00:00:00Z","E","MI",2021,"Lamprolepis smaragdina","Lamprolepis smaragdina","GBIF","Species","Reptiles","Lamprolepis","Squamata","eID2721337","Solomon Islands","Japan"
0,"LASM","LAMPROLEPIS","SMARAGDINA",NA,"EMERALD","SKINK","LIV","121","NO","Ctry_SB","Ctry_SB","T","W","C","C","2021-04-16T00:00:00Z","2021-04-15T00:00:00Z","I","LA",2021,"Lamprolepis smaragdina","Lamprolepis smaragdina","GBIF","Species","Reptiles","Lamprolepis","Squamata","eID2723037","Solomon Islands","Solomon Islands"
0,"LASM","LAMPROLEPIS","SMARAGDINA",NA,"EMERALD","SKINK","LIV","49","NO","Ctry_NO","Ctry_SB","T","W","C","C","2021-04-19T00:00:00Z","2021-04-15T00:00:00Z","I","LA",2021,"Lamprolepis smaragdina","Lamprolepis smaragdina","GBIF","Species","Reptiles","Lamprolepis","Squamata","eID2724393","Norway","Solomon Islands"
0,"LASM","LAMPROLEPIS","SMARAGDINA",NA,"EMERALD","SKINK","LIV","4","NO","Ctry_US","Ctry_GT","T","C","C","C","2021-04-21T00:00:00Z","2021-04-21T00:00:00Z","E","MI",2021,"Lamprolepis smaragdina","Lamprolepis smaragdina","GBIF","Species","Reptiles","Lamprolepis","Squamata","eID2727048","United States","Guatemala"
0,"LASM","LAMPROLEPIS","SMARAGDINA",NA,"EMERALD","SKINK","LIV","30","NO","Ctry_ID","Ctry_ID","T","W","C","C","2021-04-22T00:00:00Z","2021-04-22T00:00:00Z","I","MI",2021,"Lamprolepis smaragdina","Lamprolepis smaragdina","GBIF","Species","Reptiles","Lamprolepis","Squamata","eID2728578","Indonesia","Indonesia"
0,"LASM","LAMPROLEPIS","SMARAGDINA",NA,"EMERALD","SKINK","LIV","182","NO","Ctry_SB","Ctry_NA","T","W","C","C","2021-01-02T00:00:00Z","2021-01-02T00:00:00Z","I","LA",2021,"Lamprolepis smaragdina","Lamprolepis smaragdina","GBIF","Species","Reptiles","Lamprolepis","Squamata","eID2730187","Solomon Islands","Namibia"
0,"LASM","LAMPROLEPIS","SMARAGDINA",NA,"EMERALD","SKINK","LIV","200","NO","Ctry_SB","Ctry_SB","T","W","C","C","2021-04-23T00:00:00Z","2021-04-22T00:00:00Z","I","LA",2021,"Lamprolepis smaragdina","Lamprolepis smaragdina","GBIF","Species","Reptiles","Lamprolepis","Squamata","eID2730606","Solomon Islands","Solomon Islands"
0,"LASM","LAMPROLEPIS","SMARAGDINA",NA,"EMERALD","SKINK","LIV","79","NO","Ctry_SB","Ctry_SB","T","W","C","C","2021-04-23T00:00:00Z","2021-04-22T00:00:00Z","I","LA",2021,"Lamprolepis smaragdina","Lamprolepis smaragdina","GBIF","Species","Reptiles","Lamprolepis","Squamata","eID2730620","Solomon Islands","Solomon Islands"
0,"LASM","LAMPROLEPIS","SMARAGDINA",NA,"EMERALD","SKINK","LIV","120","NO","Ctry_SB","Ctry_SB","T","W","C","C","2021-04-29T00:00:00Z","2021-04-29T00:00:00Z","I","LA",2021,"Lamprolepis smaragdina","Lamprolepis smaragdina","GBIF","Species","Reptiles","Lamprolepis","Squamata","eID2736931","Solomon Islands","Solomon Islands"
0,"LASM","LAMPROLEPIS","SMARAGDINA",NA,"EMERALD","SKINK","LIV","100","NO","Ctry_SB","Ctry_SB","T","C","C","C","2021-05-06T00:00:00Z","2021-05-06T00:00:00Z","I","LA",2021,"Lamprolepis smaragdina","Lamprolepis smaragdina","GBIF","Species","Reptiles","Lamprolepis","Squamata","eID2744134","Solomon Islands","Solomon Islands"
0,"LASM","LAMPROLEPIS","SMARAGDINA",NA,"EMERALD","SKINK","LIV","118","NO","Ctry_SB","Ctry_SB","T","W","C","C","2021-05-07T00:00:00Z","2021-05-06T00:00:00Z","I","LA",2021,"Lamprolepis smaragdina","Lamprolepis smaragdina","GBIF","Species","Reptiles","Lamprolepis","Squamata","eID2745681","Solomon Islands","Solomon Islands"
0,"LASM","LAMPROLEPIS","SMARAGDINA",NA,"EMERALD","SKINK","LIV","12","NO","Ctry_SB","Ctry_JP","T","W","C","C","2021-05-27T00:00:00Z","2021-05-27T00:00:00Z","E","MI",2021,"Lamprolepis smaragdina","Lamprolepis smaragdina","GBIF","Species","Reptiles","Lamprolepis","Squamata","eID2766105","Solomon Islands","Japan"
0,"LASM","LAMPROLEPIS","SMARAGDINA",NA,"EMERALD","SKINK","LIV","1","NO","Ctry_SB","Ctry_G2","T","W","C","C","2021-06-03T00:00:00Z","2021-06-03T00:00:00Z","E","MI",2021,"Lamprolepis smaragdina","Lamprolepis smaragdina","GBIF","Species","Reptiles","Lamprolepis","Squamata","eID2772626","Solomon Islands",NA
0,"LASM","LAMPROLEPIS","SMARAGDINA",NA,"EMERALD","SKINK","LIV","82","NO","Ctry_SB","Ctry_SB","T","W","C","C","2021-05-28T00:00:00Z","2021-05-27T00:00:00Z","I","LA",2021,"Lamprolepis smaragdina","Lamprolepis smaragdina","GBIF","Species","Reptiles","Lamprolepis","Squamata","eID2774556","Solomon Islands","Solomon Islands"
0,"LASM","LAMPROLEPIS","SMARAGDINA",NA,"EMERALD","SKINK","LIV","29","NO","Ctry_SB","Ctry_SB","T","W","C","C","2021-06-10T00:00:00Z","2021-06-10T00:00:00Z","I","LA",2021,"Lamprolepis smaragdina","Lamprolepis smaragdina","GBIF","Species","Reptiles","Lamprolepis","Squamata","eID2780591","Solomon Islands","Solomon Islands"
0,"LASM","LAMPROLEPIS","SMARAGDINA",NA,"EMERALD","SKINK","LIV","30","NO","Ctry_SB","Ctry_SB","T","C","C","C","2021-06-10T00:00:00Z","2021-06-10T00:00:00Z","I","LA",2021,"Lamprolepis smaragdina","Lamprolepis smaragdina","GBIF","Species","Reptiles","Lamprolepis","Squamata","eID2780594","Solomon Islands","Solomon Islands"
0,"LASM","LAMPROLEPIS","SMARAGDINA",NA,"EMERALD","SKINK","LIV","100","NO","Ctry_US","Ctry_SB","T","C","C","C","2021-06-10T00:00:00Z","2021-06-10T00:00:00Z","I","LA",2021,"Lamprolepis smaragdina","Lamprolepis smaragdina","GBIF","Species","Reptiles","Lamprolepis","Squamata","eID2780713","United States","Solomon Islands"
0,"LASM","LAMPROLEPIS","SMARAGDINA",NA,"EMERALD","SKINK","LIV","60","NO","Ctry_SB","Ctry_SB","T","W","C","C","2021-06-10T00:00:00Z","2021-06-10T00:00:00Z","I","LA",2021,"Lamprolepis smaragdina","Lamprolepis smaragdina","GBIF","Species","Reptiles","Lamprolepis","Squamata","eID2780721","Solomon Islands","Solomon Islands"
0,"LASM","LAMPROLEPIS","SMARAGDINA",NA,"EMERALD","SKINK","LIV","100","NO","Ctry_SB","Ctry_SB","T","W","C","C","2021-06-15T00:00:00Z","2021-06-10T00:00:00Z","I","LA",2021,"Lamprolepis smaragdina","Lamprolepis smaragdina","GBIF","Species","Reptiles","Lamprolepis","Squamata","eID2784895","Solomon Islands","Solomon Islands"
0,"LASM","LAMPROLEPIS","SMARAGDINA",NA,"EMERALD","SKINK","LIV","70","NO","Ctry_SB","Ctry_SB","T","W","C","C","2021-06-24T00:00:00Z","2021-06-24T00:00:00Z","I","LA",2021,"Lamprolepis smaragdina","Lamprolepis smaragdina","GBIF","Species","Reptiles","Lamprolepis","Squamata","eID2795322","Solomon Islands","Solomon Islands"
0,"LASM","LAMPROLEPIS","SMARAGDINA",NA,"EMERALD","SKINK","LIV","96","NO","Ctry_SB","Ctry_SB","T","W","C","C","2021-07-09T00:00:00Z","2021-07-08T00:00:00Z","I","LA",2021,"Lamprolepis smaragdina","Lamprolepis smaragdina","GBIF","Species","Reptiles","Lamprolepis","Squamata","eID2813860","Solomon Islands","Solomon Islands"
0,"LASM","LAMPROLEPIS","SMARAGDINA",NA,"EMERALD","SKINK","LIV","200","NO","Ctry_SB","Ctry_SB","T","W","C","C","2021-07-09T00:00:00Z","2021-07-08T00:00:00Z","I","LA",2021,"Lamprolepis smaragdina","Lamprolepis smaragdina","GBIF","Species","Reptiles","Lamprolepis","Squamata","eID2813872","Solomon Islands","Solomon Islands"
0,"LASM","LAMPROLEPIS","SMARAGDINA",NA,"EMERALD","SKINK","LIV","5","NO","Ctry_SB","Ctry_FR","T","W","C","C","2021-07-14T00:00:00Z","2021-07-14T00:00:00Z","E","MI",2021,"Lamprolepis smaragdina","Lamprolepis smaragdina","GBIF","Species","Reptiles","Lamprolepis","Squamata","eID2817492","Solomon Islands","France"
0,"LASM","LAMPROLEPIS","SMARAGDINA",NA,"EMERALD","SKINK","LIV","200","NO","Ctry_SB","Ctry_SB","T","W","C","C","2021-07-15T00:00:00Z","2021-07-15T00:00:00Z","I","LA",2021,"Lamprolepis smaragdina","Lamprolepis smaragdina","GBIF","Species","Reptiles","Lamprolepis","Squamata","eID2819311","Solomon Islands","Solomon Islands"
0,"LASM","LAMPROLEPIS","SMARAGDINA",NA,"EMERALD","SKINK","LIV","50","NO","Ctry_SB","Ctry_SB","T","C","C","C","2021-07-22T00:00:00Z","2021-07-22T00:00:00Z","I","LA",2021,"Lamprolepis smaragdina","Lamprolepis smaragdina","GBIF","Species","Reptiles","Lamprolepis","Squamata","eID2826520","Solomon Islands","Solomon Islands"
0,"LASM","LAMPROLEPIS","SMARAGDINA",NA,"EMERALD","SKINK","LIV","150","NO","Ctry_SB","Ctry_SB","T","W","C","C","2021-07-29T00:00:00Z","2021-07-29T00:00:00Z","I","LA",2021,"Lamprolepis smaragdina","Lamprolepis smaragdina","GBIF","Species","Reptiles","Lamprolepis","Squamata","eID2832967","Solomon Islands","Solomon Islands"
0,"LASM","LAMPROLEPIS","SMARAGDINA",NA,"EMERALD","SKINK","LIV","120","NO","Ctry_SB","Ctry_SB","T","C","C","C","2021-07-29T00:00:00Z","2021-07-29T00:00:00Z","I","LA",2021,"Lamprolepis smaragdina","Lamprolepis smaragdina","GBIF","Species","Reptiles","Lamprolepis","Squamata","eID2832972","Solomon Islands","Solomon Islands"
0,"LASM","LAMPROLEPIS","SMARAGDINA",NA,"EMERALD","SKINK","LIV","31","NO","Ctry_SB","Ctry_JP","T","W","C","C","2021-08-05T00:00:00Z","2021-08-05T00:00:00Z","E","MI",2021,"Lamprolepis smaragdina","Lamprolepis smaragdina","GBIF","Species","Reptiles","Lamprolepis","Squamata","eID2839255","Solomon Islands","Japan"
0,"LASM","LAMPROLEPIS","SMARAGDINA",NA,"EMERALD","SKINK","LIV","2","NO","Ctry_SB","Ctry_DE","T","W","C","C","2021-08-11T00:00:00Z","2021-08-11T00:00:00Z","E","MI",2021,"Lamprolepis smaragdina","Lamprolepis smaragdina","GBIF","Species","Reptiles","Lamprolepis","Squamata","eID2843869","Solomon Islands","Germany"
0,"LASM","LAMPROLEPIS","SMARAGDINA",NA,"EMERALD","SKINK","LIV","100","NO","Ctry_SB","Ctry_SB","T","C","C","C","2021-08-20T00:00:00Z","2021-08-19T00:00:00Z","I","LA",2021,"Lamprolepis smaragdina","Lamprolepis smaragdina","GBIF","Species","Reptiles","Lamprolepis","Squamata","eID2853566","Solomon Islands","Solomon Islands"
0,"LASM","LAMPROLEPIS","SMARAGDINA",NA,"EMERALD","SKINK","LIV","141","NO","Ctry_SB","Ctry_SB","T","C","C","C","2021-08-20T00:00:00Z","2021-08-19T00:00:00Z","I","LA",2021,"Lamprolepis smaragdina","Lamprolepis smaragdina","GBIF","Species","Reptiles","Lamprolepis","Squamata","eID2853572","Solomon Islands","Solomon Islands"
0,"LASM","LAMPROLEPIS","SMARAGDINA",NA,"EMERALD","SKINK","LIV","149","NO","Ctry_SB","Ctry_SB","T","W","C","C","2021-08-26T00:00:00Z","2021-08-26T00:00:00Z","I","LA",2021,"Lamprolepis smaragdina","Lamprolepis smaragdina","GBIF","Species","Reptiles","Lamprolepis","Squamata","eID2860137","Solomon Islands","Solomon Islands"
0,"LASM","LAMPROLEPIS","SMARAGDINA",NA,"EMERALD","SKINK","LIV","127","NO","Ctry_SB","Ctry_SB","T","W","C","C","2021-09-10T00:00:00Z","2021-09-09T00:00:00Z","I","LA",2021,"Lamprolepis smaragdina","Lamprolepis smaragdina","GBIF","Species","Reptiles","Lamprolepis","Squamata","eID2872289","Solomon Islands","Solomon Islands"
0,"LASM","LAMPROLEPIS","SMARAGDINA",NA,"EMERALD","SKINK","LIV","200","NO","Ctry_SB","Ctry_SB","T","W","C","C","2021-09-23T00:00:00Z","2021-09-23T00:00:00Z","I","LA",2021,"Lamprolepis smaragdina","Lamprolepis smaragdina","GBIF","Species","Reptiles","Lamprolepis","Squamata","eID2886634","Solomon Islands","Solomon Islands"
0,"LASM","LAMPROLEPIS","SMARAGDINA",NA,"EMERALD","SKINK","LIV","150","NO","Ctry_SB","Ctry_SB","T","W","C","C","2021-09-30T00:00:00Z","2021-09-30T00:00:00Z","I","LA",2021,"Lamprolepis smaragdina","Lamprolepis smaragdina","GBIF","Species","Reptiles","Lamprolepis","Squamata","eID2893699","Solomon Islands","Solomon Islands"
0,"LASM","LAMPROLEPIS","SMARAGDINA",NA,"EMERALD","SKINK","LIV","160","NO","Ctry_SB","Ctry_SB","T","W","C","C","2021-10-14T00:00:00Z","2021-10-14T00:00:00Z","I","LA",2021,"Lamprolepis smaragdina","Lamprolepis smaragdina","GBIF","Species","Reptiles","Lamprolepis","Squamata","eID2908364","Solomon Islands","Solomon Islands"
0,"LASM","LAMPROLEPIS","SMARAGDINA",NA,"EMERALD","SKINK","LIV","145","NO","Ctry_SB","Ctry_SB","T","W","C","C","2021-10-14T00:00:00Z","2021-10-14T00:00:00Z","I","LA",2021,"Lamprolepis smaragdina","Lamprolepis smaragdina","GBIF","Species","Reptiles","Lamprolepis","Squamata","eID2908368","Solomon Islands","Solomon Islands"
0,"LASM","LAMPROLEPIS","SMARAGDINA",NA,"EMERALD","SKINK","LIV","51","NO","Ctry_SB","Ctry_SB","T","W","C","C","2021-11-04T00:00:00Z","2021-11-04T00:00:00Z","I","LA",2021,"Lamprolepis smaragdina","Lamprolepis smaragdina","GBIF","Species","Reptiles","Lamprolepis","Squamata","eID2931805","Solomon Islands","Solomon Islands"
0,"LASM","LAMPROLEPIS","SMARAGDINA",NA,"EMERALD","SKINK","LIV","69","NO","Ctry_SB","Ctry_SB","T","C","C","C","2021-11-19T00:00:00Z","2021-11-18T00:00:00Z","I","LA",2021,"Lamprolepis smaragdina","Lamprolepis smaragdina","GBIF","Species","Reptiles","Lamprolepis","Squamata","eID2948490","Solomon Islands","Solomon Islands"
0,"LASM","LAMPROLEPIS","SMARAGDINA",NA,"EMERALD","SKINK","LIV","98","NO","Ctry_SB","Ctry_SB","T","W","C","C","2022-04-07T00:00:00Z","2022-04-07T00:00:00Z","I","LA",2022,"Lamprolepis smaragdina","Lamprolepis smaragdina","GBIF","Species","Reptiles","Lamprolepis","Squamata","eID3094868","Solomon Islands","Solomon Islands"
0,"LASM","LAMPROLEPIS","SMARAGDINA",NA,"EMERALD","SKINK","LIV","120","NO","Ctry_SB","Ctry_SB","T","C","C","C","2022-04-07T00:00:00Z","2022-04-07T00:00:00Z","I","LA",2022,"Lamprolepis smaragdina","Lamprolepis smaragdina","GBIF","Species","Reptiles","Lamprolepis","Squamata","eID3106693","Solomon Islands","Solomon Islands"
0,"LASM","LAMPROLEPIS","SMARAGDINA",NA,"EMERALD","SKINK","SPE","1","NO","Ctry_PH","Ctry_IL","S","W","C","C","2022-04-28T00:00:00Z","2022-04-29T00:00:00Z","E","ME",2022,"Lamprolepis smaragdina","Lamprolepis smaragdina","GBIF","Species","Reptiles","Lamprolepis","Squamata","eID3120596","Philippines","Israel"
0,"LASM","LAMPROLEPIS","SMARAGDINA",NA,"EMERALD","SKINK","LIV","6","NO","Ctry_ID","Ctry_ID","T","W","C","C","2022-06-16T00:00:00Z","2022-06-15T00:00:00Z","I","NY",2022,"Lamprolepis smaragdina","Lamprolepis smaragdina","GBIF","Species","Reptiles","Lamprolepis","Squamata","eID3170926","Indonesia","Indonesia"
